[
  {
    "username": "Sotra",
    "password": "1234"
  },
  {
    "username": "melvin",
    "password": "maria"
  },
  {
    "username": "megakiller",
    "password": "perro"
  },
  {
    "username": "kevin",
    "password": "1234"
  },
  {
    "username": "cuentaNueva",
    "password": "123456"
  },
  {
    "username": "PerroCaliente",
    "password": "123456"
  },
  {
    "username": "Danielxd",
    "password": "123456"
  },
  {
    "username": "Angela",
    "password": "123456"
  },
  {
    "username": "Hot20cm",
    "password": "oriol"
  },
  {
    "username": "Usjsjsb",
    "password": "12345"
  },
  {
    "username": "joshuanoserr",
    "password": "31193319"
  },
  {
    "username": "Sukikujo",
    "password": "sukikujo"
  },
  {
    "username": "Chars",
    "password": "12344"
  },
  {
    "username": "jorge",
    "password": "1234"
  },
  {
    "username": "Kevin",
    "password": "123456"
  },
  {
    "username": "Lunaa",
    "password": "Manuelrodriguez8"
  },
  {
    "username": "k",
    "password": "test"
  },
  {
    "username": "manuel",
    "password": "123456"
  },
  {
    "username": "sies",
    "password": "kilo"
  },
  {
    "username": "javaevent",
    "password": "test"
  },
  {
    "username": "Alex xd",
    "password": "123456789"
  },
  {
    "username": "Shitposteromaster69",
    "password": "sexotilin"
  },
  {
    "username": "Chito",
    "password": "chito"
  },
  {
    "username": "123456789",
    "password": "123456789"
  },
  {
    "username": "Server",
    "password": "123456"
  },
  {
    "username": "EwryTangas69",
    "password": "Mercurio69"
  }
]