[
  {
    "username": "Sotra",
    "password": "1234",
    "isAuthenticated": true
  },
  {
    "username": "melvin",
    "password": "maria",
    "isAuthenticated": true
  },
  {
    "username": "megakiller",
    "password": "perro",
    "isAuthenticated": true
  },
  {
    "username": "kevin",
    "password": "1234",
    "isAuthenticated": true
  },
  {
    "username": "cuentaNueva",
    "password": "123456",
    "isAuthenticated": true
  },
  {
    "username": "PerroCaliente",
    "password": "123456",
    "isAuthenticated": true
  },
  {
    "username": "Danielxd",
    "password": "123456",
    "isAuthenticated": true
  },
  {
    "username": "Angela",
    "password": "123456",
    "isAuthenticated": true
  },
  {
    "username": "Hot20cm",
    "password": "oriol",
    "isAuthenticated": true
  },
  {
    "username": "Usjsjsb",
    "password": "12345",
    "isAuthenticated": true
  },
  {
    "username": "joshuanoserr",
    "password": "31193319",
    "isAuthenticated": true
  },
  {
    "username": "Sukikujo",
    "password": "sukikujo",
    "isAuthenticated": true
  },
  {
    "username": "Chars",
    "password": "12344",
    "isAuthenticated": true
  },
  {
    "username": "jorge",
    "password": "1234",
    "isAuthenticated": true
  },
  {
    "username": "Kevin",
    "password": "123456",
    "isAuthenticated": true
  },
  {
    "username": "Lunaa",
    "password": "Manuelrodriguez8",
    "isAuthenticated": true
  },
  {
    "username": "k",
    "password": "test",
    "isAuthenticated": true
  },
  {
    "username": "manuel",
    "password": "123456",
    "isAuthenticated": true
  },
  {
    "username": "sies",
    "password": "kilo",
    "isAuthenticated": true
  },
  {
    "username": "javaevent",
    "password": "test",
    "isAuthenticated": true
  },
  {
    "username": "Alex xd",
    "password": "123456789",
    "isAuthenticated": true
  },
  {
    "username": "Shitposteromaster69",
    "password": "sexotilin",
    "isAuthenticated": true
  },
  {
    "username": "Chito",
    "password": "chito",
    "isAuthenticated": true
  },
  {
    "username": "123456789",
    "password": "123456789",
    "isAuthenticated": true
  },
  {
    "username": "Server",
    "password": "123456",
    "isAuthenticated": true
  },
  {
    "username": "EwryTangas69",
    "password": "Mercurio69",
    "isAuthenticated": true
  },
  {
    "username": "Nigga",
    "password": "derechos",
    "isAuthenticated": true
  },
  {
    "username": "prueba",
    "password": "123456"
  }
]